,codgeo,taux_accueil_collectif,taux_accueil_individuel,taux_accueil_total,annee
236,01249,27.8,36.6,66.8,2022
237,02168,22.4,34.3,61.9,2022
238,02173,23.1,50.8,80.0,2022
239,02738,9.9,43.3,63.7,2022
240,02810,13.2,57.4,71.0,2022
241,06027,26.4,25.4,51.7,2022
242,06029,39.4,13.3,54.2,2022
243,06079,44.7,25.4,70.1,2022
244,06083,25.3,24.0,49.4,2022
245,06085,45.9,25.5,71.7,2022
246,06088,28.6,17.2,48.6,2022
247,07102,33.4,45.8,82.6,2022
248,09225,39.4,20.1,61.5,2022
249,10323,12.6,36.0,59.6,2022
250,11076,26.3,21.5,55.5,2022
251,11203,15.0,18.8,42.8,2022
252,11262,19.2,18.8,43.5,2022
253,12300,14.9,32.4,61.1,2022
254,13004,13.3,18.4,35.5,2022
255,13026,18.6,18.4,37.2,2022
256,13047,30.6,18.1,49.0,2022
257,13054,24.5,21.1,45.7,2022
258,13077,25.1,12.7,49.1,2022
259,13110,37.5,26.8,64.0,2022
260,13117,29.1,16.2,47.3,2022
261,13205,44.7,22.6,67.3,2022
262,13206,60.6,22.9,84.3,2022
263,13209,44.0,22.8,67.8,2022
264,13212,33.0,21.7,55.3,2022
265,14118,43.7,25.1,76.0,2022
266,17299,35.7,41.2,83.6,2022
267,17415,32.0,53.5,87.8,2022
268,18033,16.3,37.0,58.7,2022
269,18279,10.1,32.3,45.6,2022
270,19031,32.1,28.0,68.5,2022
271,21054,36.9,44.0,89.6,2022
272,21171,13.9,52.3,68.9,2022
273,21231,43.1,23.5,70.2,2022
274,22093,14.7,71.3,91.2,2022
275,22113,32.4,47.1,88.6,2022
276,22215,22.6,56.7,85.9,2022
277,22278,14.8,33.1,54.5,2022
278,23096,29.0,44.9,86.9,2022
279,24053,30.0,42.4,77.7,2022
280,24322,44.6,25.5,74.5,2022
281,25031,18.1,25.4,50.9,2022
282,25462,22.2,28.5,50.9,2022
283,26198,17.5,27.6,46.7,2022
284,26252,12.0,40.5,54.6,2022
285,26362,38.0,21.8,66.1,2022
286,27229,28.6,17.7,50.9,2022
287,27284,31.0,34.9,65.9,2022
288,27701,27.4,17.7,53.6,2022
289,28218,17.6,32.9,50.6,2022
290,29046,17.3,39.6,73.7,2022
291,29075,34.1,59.1,100.0,2022
292,29151,29.8,24.3,64.0,2022
293,29189,17.2,80.7,111.1,2022
294,29212,12.4,63.7,86.3,2022
295,29232,18.6,45.0,75.3,2022
296,29233,15.4,54.3,78.9,2022
297,30007,14.0,18.2,39.3,2022
298,30351,45.7,24.5,76.2,2022
299,31488,21.5,38.5,60.0,2022
300,31555,36.7,19.1,57.4,2022
301,31557,30.0,38.3,68.3,2022
302,31561,44.4,59.1,103.5,2022
303,31588,21.6,43.8,65.7,2022
304,33003,21.7,45.1,67.7,2022
305,33005,27.2,71.1,100.0,2022
306,33056,29.7,52.4,82.0,2022
307,33122,28.9,60.9,89.8,2022
308,33199,30.8,41.6,72.7,2022
309,33200,40.9,36.7,77.7,2022
310,33243,32.5,34.1,67.2,2022
311,33284,11.5,56.9,68.5,2022
312,33366,10.1,57.6,67.7,2022
313,33449,21.7,53.4,75.1,2022
314,33522,32.5,34.9,69.0,2022
315,33550,24.2,45.3,70.2,2022
316,34003,29.3,13.3,50.2,2022
317,34172,26.6,16.8,45.2,2022
318,34255,33.7,51.2,84.5,2022
319,34301,23.3,16.4,44.1,2022
320,35055,22.8,59.7,90.1,2022
321,35069,17.2,75.9,106.0,2022
322,35115,16.9,30.2,58.7,2022
323,35281,23.1,34.4,60.4,2022
324,35288,29.0,38.4,80.6,2022
325,37003,18.5,56.1,74.9,2022
326,37050,34.5,56.7,91.2,2022
327,37109,27.1,65.2,92.3,2022
328,37208,35.2,50.0,85.8,2022
329,37214,33.2,54.8,88.9,2022
330,37233,13.3,39.8,61.6,2022
331,38229,51.2,37.6,88.9,2022
332,38474,31.5,63.6,95.5,2022
333,40088,43.4,28.4,79.2,2022
334,40279,17.4,43.6,61.3,2022
335,40312,33.7,41.7,77.0,2022
336,42044,23.0,23.8,52.1,2022
337,42184,13.6,43.6,58.1,2022
338,43157,24.1,30.3,73.9,2022
339,44003,14.5,58.4,76.0,2022
340,44026,34.5,49.7,85.0,2022
341,44035,32.3,49.7,81.9,2022
342,44036,18.0,37.6,65.6,2022
343,44129,8.4,67.8,79.8,2022
344,44162,33.0,35.1,70.6,2022
345,44184,19.4,33.5,60.5,2022
346,44190,19.8,52.9,73.5,2022
347,44204,20.5,56.5,77.0,2022
348,45068,22.7,18.2,52.2,2022
349,45208,22.0,11.3,36.7,2022
350,45302,33.1,46.7,79.8,2022
351,46042,30.7,39.8,72.5,2022
352,47001,22.5,27.8,55.9,2022
353,49023,11.4,44.8,61.1,2022
354,49069,4.0,44.1,53.3,2022
355,49092,10.8,48.0,64.6,2022
356,49125,8.6,44.1,54.3,2022
357,49244,8.2,44.3,60.2,2022
358,49246,15.7,40.4,59.3,2022
359,49328,30.1,35.2,76.7,2022
360,49331,13.9,48.1,65.9,2022
361,50129,28.5,41.9,77.4,2022
362,51573,41.0,52.0,93.3,2022
363,51649,32.9,19.6,56.1,2022
364,53062,20.3,82.1,109.9,2022
365,54482,24.1,37.4,61.5,2022
366,54547,35.4,20.1,61.1,2022
367,57160,16.6,20.2,40.9,2022
368,57206,14.8,18.3,40.1,2022
369,57221,13.9,20.3,38.7,2022
370,57447,34.2,67.7,101.9,2022
371,57480,21.7,47.6,69.3,2022
372,57672,26.9,22.8,50.1,2022
373,58194,36.4,25.4,67.4,2022
374,59009,36.0,23.4,68.9,2022
375,59011,25.0,56.4,85.1,2022
376,59014,6.1,17.2,38.2,2022
377,59112,4.2,16.8,32.7,2022
378,59122,14.4,33.3,63.0,2022
379,59139,11.0,32.0,54.5,2022
380,59163,24.2,36.5,69.0,2022
381,59178,18.8,15.2,46.6,2022
382,59220,22.7,37.4,63.3,2022
383,59271,17.3,14.8,47.7,2022
384,59279,20.1,34.6,62.5,2022
385,59295,15.0,43.6,69.6,2022
386,59360,18.0,29.7,50.7,2022
387,59368,37.8,29.3,72.0,2022
388,59378,46.7,46.6,97.7,2022
389,59383,23.9,30.2,60.9,2022
390,59392,8.9,11.7,33.6,2022
391,59421,36.5,43.1,85.1,2022
392,59426,41.3,34.1,95.7,2022
393,59512,22.1,9.1,38.8,2022
394,59526,23.9,45.6,77.3,2022
395,59569,12.5,25.7,46.7,2022
396,59616,8.1,19.3,37.9,2022
397,59650,16.2,29.3,54.0,2022
398,60157,20.6,32.7,58.2,2022
399,60176,24.4,44.7,72.1,2022
400,60395,16.9,32.4,55.7,2022
401,61001,23.8,29.6,64.0,2022
402,62048,7.8,16.9,38.1,2022
403,62108,58.3,22.3,94.3,2022
404,62119,13.7,24.1,47.7,2022
405,62160,20.3,9.9,40.0,2022
406,62178,9.9,18.5,36.9,2022
407,62215,13.7,38.7,55.0,2022
408,62525,19.8,42.8,73.5,2022
409,62570,9.4,27.7,42.2,2022
410,63124,18.7,38.3,59.3,2022
411,63164,14.0,58.7,72.7,2022
412,64260,18.7,17.9,40.2,2022
413,64348,19.2,56.5,76.2,2022
414,65286,42.9,19.3,77.4,2022
415,65440,31.6,16.3,55.6,2022
416,66180,26.9,29.7,56.6,2022
417,67067,43.1,38.0,81.0,2022
418,68063,22.0,35.2,58.9,2022
419,68066,37.9,17.1,56.5,2022
420,68166,15.5,26.4,41.9,2022
421,68271,24.7,21.3,46.3,2022
422,68278,32.5,27.1,62.2,2022
423,68375,17.4,37.2,54.6,2022
424,69243,21.3,20.8,51.1,2022
425,69264,20.7,17.4,46.3,2022
426,69029,24.6,16.1,43.8,2022
427,69081,34.7,32.4,69.4,2022
428,69256,16.6,12.7,36.4,2022
429,69271,24.0,39.3,63.3,2022
430,69275,21.3,26.7,50.8,2022
431,69282,23.1,28.2,55.0,2022
432,69283,19.4,48.8,68.2,2022
433,69290,27.6,24.3,52.6,2022
434,69383,46.9,30.1,77.6,2022
435,69384,45.3,37.7,83.6,2022
436,69385,37.4,26.2,66.0,2022
437,69389,30.6,23.6,60.2,2022
438,70285,12.5,36.4,53.1,2022
439,72003,5.5,42.7,61.4,2022
440,73011,13.8,29.5,47.3,2022
441,73065,20.3,26.7,49.7,2022
442,73179,20.6,56.2,80.0,2022
443,74012,10.4,19.7,32.0,2022
444,74042,15.8,38.2,54.0,2022
445,74208,30.8,47.7,78.5,2022
446,74281,15.0,30.5,45.5,2022
447,75104,65.4,13.6,81.6,2022
448,75110,64.1,21.8,86.6,2022
449,75113,66.4,10.9,77.9,2022
450,75117,45.8,28.4,74.8,2022
451,75118,56.3,17.8,75.0,2022
452,76108,68.6,32.9,101.7,2022
453,76114,11.4,40.0,55.9,2022
454,76157,33.9,26.6,64.3,2022
455,76259,28.5,30.4,63.9,2022
456,76498,18.1,31.9,52.9,2022
457,76540,37.2,26.1,64.0,2022
458,76575,12.1,31.3,49.1,2022
459,76681,20.1,35.3,56.4,2022
460,76758,24.7,65.1,92.8,2022
461,77053,21.1,34.1,56.8,2022
462,77067,48.4,31.8,80.8,2022
463,77083,28.1,18.8,46.9,2022
464,77186,36.3,27.7,65.6,2022
465,77243,16.1,37.2,53.5,2022
466,77251,17.0,33.8,50.8,2022
467,77284,22.3,17.9,41.0,2022
468,77296,19.9,33.4,55.8,2022
469,77305,11.9,15.3,29.2,2022
470,77316,48.1,43.6,91.4,2022
471,77333,2.8,33.3,37.3,2022
472,77337,32.2,15.9,51.0,2022
473,77379,25.2,16.5,50.2,2022
474,77390,19.9,28.2,50.0,2022
475,77445,17.7,24.4,45.1,2022
476,77479,24.5,24.3,48.8,2022
477,78138,20.7,18.5,39.2,2022
478,78165,31.1,26.3,59.8,2022
479,78297,37.0,25.8,75.6,2022
480,78335,17.7,18.8,36.5,2022
481,78361,19.3,6.8,28.6,2022
482,78362,16.0,19.3,35.3,2022
483,78418,51.5,35.1,86.7,2022
484,78498,35.3,15.6,51.3,2022
485,78551,51.6,22.6,75.2,2022
486,78642,18.8,37.5,56.2,2022
487,78686,42.3,26.0,68.3,2022
488,79191,28.8,40.3,74.2,2022
489,79202,34.3,38.6,74.8,2022
490,81004,39.8,21.0,63.7,2022
491,81065,29.3,17.5,51.9,2022
492,81105,21.0,18.8,46.0,2022
493,82033,23.3,26.2,50.7,2022
494,82121,29.7,26.0,60.2,2022
495,83047,21.2,38.9,60.1,2022
496,83049,15.8,32.0,48.0,2022
497,83050,18.5,24.4,44.0,2022
498,83062,38.3,24.3,63.0,2022
499,83073,22.6,20.9,43.5,2022
500,83090,38.4,36.3,75.5,2022
501,83118,31.5,18.7,52.0,2022
502,83129,40.1,30.7,71.3,2022
503,83130,26.9,44.2,72.5,2022
504,83137,21.9,18.8,44.7,2022
505,84003,30.4,27.4,71.9,2022
506,84007,24.8,10.0,36.7,2022
507,84035,25.4,14.5,39.9,2022
508,84054,22.1,29.9,52.0,2022
509,84080,19.5,30.8,50.3,2022
510,84088,30.4,45.8,75.9,2022
511,84089,20.5,34.9,56.6,2022
512,84141,26.7,41.4,68.4,2022
513,85109,24.0,64.0,96.2,2022
514,85191,31.2,38.0,76.2,2022
515,85194,23.7,57.2,91.0,2022
516,87085,25.2,20.5,49.3,2022
517,89024,27.3,38.1,68.6,2022
518,90010,25.3,18.7,52.1,2022
519,91027,18.7,23.0,44.7,2022
520,91086,33.4,39.4,72.8,2022
521,91201,45.5,29.5,75.3,2022
522,91215,9.6,19.6,33.8,2022
523,91286,11.4,9.0,28.8,2022
524,91386,20.6,37.1,57.7,2022
525,91421,22.9,31.5,56.2,2022
526,91434,22.5,28.4,50.9,2022
527,91477,41.6,35.5,77.5,2022
528,91521,15.3,20.8,37.2,2022
529,91687,17.5,27.8,45.3,2022
530,92002,42.4,23.2,66.2,2022
531,92004,38.3,27.5,66.6,2022
532,92007,26.8,20.1,50.9,2022
533,92009,49.8,30.1,81.0,2022
534,92012,60.4,28.5,90.0,2022
535,92019,33.0,18.1,54.9,2022
536,92033,86.7,28.7,115.2,2022
537,92040,59.0,28.5,87.9,2022
538,92044,57.8,30.6,91.4,2022
539,92048,48.6,22.9,71.6,2022
540,92077,54.3,45.0,99.3,2022
541,92078,28.1,8.3,38.5,2022
542,93005,20.1,9.0,31.8,2022
543,93008,23.5,5.2,31.5,2022
544,93010,23.9,10.9,37.7,2022
545,93013,22.2,5.1,27.3,2022
546,93014,13.4,5.8,22.4,2022
547,93029,14.8,8.0,22.8,2022
548,93030,21.6,8.4,31.4,2022
549,93031,17.8,11.4,32.7,2022
550,93045,24.8,30.3,55.0,2022
551,93046,21.5,13.5,35.1,2022
552,93048,29.4,21.4,51.9,2022
553,93049,26.8,22.9,49.7,2022
554,93053,14.6,9.2,24.1,2022
555,93059,16.2,9.0,26.5,2022
556,93061,30.1,23.4,53.9,2022
557,93062,32.0,23.9,55.9,2022
558,93073,20.6,17.7,41.1,2022
559,93077,22.0,19.0,41.0,2022
560,93078,16.3,8.6,25.0,2022
561,93079,9.3,5.7,21.5,2022
562,94003,32.4,19.1,53.1,2022
563,94004,26.9,23.7,50.6,2022
564,94016,35.3,28.7,65.8,2022
565,94041,35.0,15.8,54.3,2022
566,94042,44.8,26.2,71.1,2022
567,94044,20.6,17.9,39.7,2022
568,94055,34.4,27.9,62.7,2022
569,94059,23.3,19.0,42.9,2022
570,94071,20.7,26.4,47.2,2022
571,94077,27.9,16.0,44.4,2022
572,95018,19.4,13.9,34.5,2022
573,95019,17.1,9.7,27.3,2022
574,95063,18.9,19.9,41.3,2022
575,95197,17.7,35.1,52.8,2022
576,95199,20.3,24.8,45.0,2022
577,95210,21.3,13.0,34.5,2022
578,95268,12.2,6.1,25.4,2022
579,95487,8.8,20.7,32.1,2022
580,95598,20.1,30.5,51.0,2022
581,97103,22.3,25.0,53.3,2022
582,97107,12.2,7.2,33.1,2022
583,97116,1.1,13.6,25.0,2022
584,97125,33.2,19.6,65.3,2022
585,97129,31.0,12.3,51.7,2022
586,97209,35.2,10.0,56.3,2022
587,97210,32.6,18.3,62.2,2022
588,97220,21.3,10.8,41.9,2022
589,97230,36.6,14.0,55.4,2022
590,97311,3.1,1.6,4.7,2022
591,97404,25.7,34.7,60.4,2022
592,97405,18.3,15.5,37.9,2022
593,97410,22.1,7.1,31.3,2022
594,97413,23.9,19.5,45.5,2022
595,97414,14.1,13.7,31.9,2022
596,97415,26.5,14.8,47.6,2022
597,97416,27.1,12.9,43.4,2022
598,97418,47.0,14.8,61.9,2022
3764,01004,19.4,53.2,72.8,2022
3765,01033,14.1,33.0,48.3,2022
3766,01053,30.9,23.6,58.1,2022
3767,01160,13.7,21.0,34.7,2022
3768,01173,20.9,28.5,49.3,2022
3769,02691,14.6,20.9,45.8,2022
3770,02722,20.0,24.9,50.1,2022
3771,03321,37.6,41.4,81.6,2022
3772,04112,28.5,18.3,50.7,2022
3773,05061,29.1,22.6,53.2,2022
3774,06004,23.8,32.8,57.0,2022
3775,06012,14.9,16.2,35.8,2022
3776,06030,26.4,21.4,48.9,2022
3777,06033,20.5,29.5,49.9,2022
3778,06104,37.4,17.7,57.8,2022
3779,06123,30.9,35.1,66.1,2022
3780,06149,22.1,26.1,51.5,2022
3781,06155,26.2,16.5,43.1,2022
3782,06157,29.9,17.6,49.4,2022
3783,07324,16.1,35.4,64.6,2022
3784,08409,22.3,13.7,49.1,2022
3785,10333,28.6,35.1,63.7,2022
3786,10387,23.0,15.3,43.8,2022
3787,11069,19.3,21.9,47.5,2022
3788,11206,25.0,23.2,58.6,2022
3789,12145,24.1,35.3,70.9,2022
3790,12176,20.8,38.9,69.3,2022
3791,13001,39.1,23.1,63.7,2022
3792,13005,23.0,23.9,48.8,2022
3793,13007,17.8,27.7,45.5,2022
3794,13014,16.0,10.5,29.4,2022
3795,13015,39.3,34.0,73.6,2022
3796,13028,26.3,31.3,59.3,2022
3797,13040,28.3,35.4,63.7,2022
3798,13063,15.0,12.7,30.2,2022
3799,13071,28.6,16.9,47.4,2022
3800,13103,25.2,22.2,47.7,2022
3801,13106,24.2,13.2,41.3,2022
3802,13203,15.4,4.3,22.8,2022
3803,13204,24.4,17.2,42.5,2022
3804,13207,40.9,29.1,71.6,2022
3805,13208,38.3,30.6,68.8,2022
3806,13214,13.2,5.0,21.6,2022
3807,13215,17.5,4.7,28.0,2022
3808,13216,36.7,6.4,48.3,2022
3809,14047,19.7,77.5,102.0,2022
3810,14327,33.3,35.2,77.0,2022
3811,14762,11.7,60.9,80.3,2022
3812,16102,28.8,31.0,70.1,2022
3813,17306,24.1,46.3,82.8,2022
3814,21617,32.6,22.1,56.3,2022
3815,22187,34.5,52.2,99.4,2022
3816,25056,30.9,26.1,60.7,2022
3817,25580,11.6,23.5,40.9,2022
3818,26281,21.5,32.3,58.2,2022
3819,27375,27.1,26.4,57.8,2022
3820,29039,20.7,50.1,82.5,2022
3821,29235,14.0,53.5,73.7,2022
3822,30202,26.1,31.4,62.9,2022
3823,30258,7.6,29.9,42.4,2022
3824,31044,41.5,29.5,71.0,2022
3825,31069,46.8,27.6,74.4,2022
3826,31116,12.4,47.9,60.0,2022
3827,31395,26.2,44.5,70.8,2022
3828,31424,16.9,42.7,60.5,2022
3829,33039,22.8,35.3,58.6,2022
3830,33051,22.8,48.9,71.5,2022
3831,33063,45.5,31.1,78.0,2022
3832,33069,36.7,34.5,71.2,2022
3833,33075,33.7,44.8,79.0,2022
3834,33119,10.9,29.2,44.7,2022
3835,33162,23.7,40.9,64.6,2022
3836,33249,19.3,23.1,44.8,2022
3837,33281,29.6,41.3,70.9,2022
3838,33519,23.7,55.6,79.0,2022
3839,33529,26.5,44.0,71.5,2022
3840,34057,30.2,25.6,57.0,2022
3841,34108,22.9,28.2,54.4,2022
3842,34123,22.4,27.2,49.7,2022
3843,34129,53.2,30.6,83.8,2022
3844,34157,32.2,28.5,60.7,2022
3845,35024,22.3,38.3,65.3,2022
3846,35047,30.4,52.0,89.6,2022
3847,35093,35.0,35.7,82.5,2022
3848,35210,21.1,46.8,70.1,2022
3849,35360,30.2,55.3,99.6,2022
3850,36044,23.2,34.8,62.1,2022
3851,36088,16.7,57.0,81.7,2022
3852,37156,14.7,79.5,93.8,2022
3853,37195,29.4,52.9,86.1,2022
3854,37261,36.4,31.8,70.7,2022
3855,38085,13.2,39.3,52.5,2022
3856,38151,20.0,20.0,44.2,2022
3857,38169,22.1,36.9,61.7,2022
3858,38185,39.3,26.7,68.9,2022
3859,38317,39.2,26.2,74.5,2022
3860,38382,42.7,47.4,90.1,2022
3861,38544,19.2,42.6,63.3,2022
3862,39198,30.6,33.7,71.7,2022
3863,39300,34.1,21.3,60.0,2022
3864,40046,26.0,51.1,76.8,2022
3865,40192,26.3,51.8,81.1,2022
3866,41018,22.1,24.9,52.2,2022
3867,41194,17.7,41.2,64.5,2022
3868,42147,29.6,48.2,77.8,2022
3869,42218,20.8,17.4,40.8,2022
3870,44020,29.6,57.0,89.6,2022
3871,44109,34.5,32.4,70.5,2022
3872,44114,31.3,36.9,70.1,2022
3873,44131,20.1,74.6,98.2,2022
3874,44132,38.1,65.7,104.4,2022
3875,44143,21.3,52.4,74.7,2022
3876,44172,25.4,55.6,80.9,2022
3877,45004,19.5,42.2,62.0,2022
3878,45155,22.1,30.8,57.4,2022
3879,45232,39.6,28.2,69.9,2022
3880,47323,30.2,38.0,78.4,2022
3881,48095,35.8,33.5,83.1,2022
3882,49007,28.9,28.4,61.5,2022
3883,49050,16.7,46.8,64.1,2022
3884,49353,23.0,54.3,86.8,2022
3885,50218,1.3,31.1,43.8,2022
3886,51108,34.9,21.3,59.0,2022
3887,52121,25.2,54.9,92.1,2022
3888,52448,22.3,31.8,64.9,2022
3889,54304,47.0,14.1,65.9,2022
3890,54395,46.5,20.2,71.5,2022
3891,54528,23.9,39.3,67.0,2022
3892,54578,17.7,40.4,62.4,2022
3893,54580,9.0,5.5,14.5,2022
3894,55545,23.7,34.7,64.2,2022
3895,56007,14.1,52.4,89.0,2022
3896,56078,12.9,43.5,70.3,2022
3897,57019,28.9,53.1,87.5,2022
3898,57306,11.7,16.5,28.2,2022
3899,57463,38.3,23.4,63.7,2022
3900,57606,13.5,34.3,48.9,2022
3901,57631,44.8,12.8,62.5,2022
3902,57751,6.2,22.2,36.3,2022
3903,57757,31.7,32.9,66.1,2022
3904,59008,6.0,13.6,25.1,2022
3905,59152,14.2,32.8,54.5,2022
3906,59155,12.5,42.6,66.3,2022
3907,59172,6.3,12.2,29.2,2022
3908,59179,6.1,34.4,59.5,2022
3909,59183,19.3,27.2,58.3,2022
3910,59249,7.9,21.6,38.0,2022
3911,59273,22.8,41.2,83.1,2022
3912,59328,34.8,32.1,70.9,2022
3913,59367,16.4,33.7,59.7,2022
3914,59386,36.9,47.9,88.9,2022
3915,59410,21.7,33.5,65.8,2022
3916,59508,38.4,34.3,82.7,2022
3917,59527,39.4,43.2,89.3,2022
3918,59574,14.2,40.1,70.9,2022
3919,59599,17.3,18.0,43.3,2022
3920,59606,24.2,20.0,55.3,2022
3921,59646,40.0,36.6,84.4,2022
3922,59648,22.9,25.9,51.4,2022
3923,60141,42.0,45.2,89.8,2022
3924,60159,34.4,20.6,58.8,2022
3925,60175,12.7,7.1,23.3,2022
3926,60414,16.6,18.7,38.7,2022
3927,60463,11.0,16.4,32.2,2022
3928,60509,36.7,27.4,67.7,2022
3929,61006,28.8,46.7,85.3,2022
3930,62041,29.7,19.7,58.6,2022
3931,62065,8.9,23.4,41.8,2022
3932,62186,12.8,27.2,48.5,2022
3933,62318,14.8,35.6,71.0,2022
3934,62510,21.6,18.7,48.0,2022
3935,62587,12.2,21.5,43.4,2022
3936,62617,19.8,25.6,55.6,2022
3937,62643,19.4,30.9,71.0,2022
3938,62765,5.2,17.6,31.3,2022
3939,63113,23.0,26.8,52.1,2022
3940,63178,20.5,61.3,83.4,2022
3941,63284,14.4,62.5,78.1,2022
3942,63300,20.1,40.0,65.9,2022
3943,63430,6.0,37.3,56.0,2022
3944,64024,31.3,50.4,84.9,2022
3945,64102,27.2,32.8,64.2,2022
3946,64129,28.3,43.3,71.7,2022
3947,64430,23.1,33.8,59.7,2022
3948,66028,36.3,30.1,69.1,2022
3949,66037,43.2,30.0,74.2,2022
3950,66136,21.6,10.7,38.6,2022
3951,66172,16.7,40.4,62.1,2022
3952,67130,34.9,42.7,77.6,2022
3953,67218,57.6,27.9,85.5,2022
3954,67267,32.7,25.0,57.7,2022
3955,67447,35.3,18.0,56.9,2022
3956,67462,38.0,22.1,60.1,2022
3957,68297,21.7,14.4,40.4,2022
3958,69019,10.6,27.8,44.2,2022
3959,69277,45.3,43.5,89.1,2022
3960,69034,30.7,31.3,65.1,2022
3961,69069,42.8,41.2,84.3,2022
3962,69091,14.7,14.8,38.5,2022
3963,69152,36.3,21.9,66.0,2022
3964,69199,17.1,10.0,34.9,2022
3965,69202,36.7,35.3,72.0,2022
3966,69204,36.2,37.4,76.1,2022
3967,69259,15.3,12.2,42.6,2022
3968,69286,22.2,20.8,47.1,2022
3969,69381,41.5,31.2,73.2,2022
3970,69386,48.0,34.7,84.4,2022
3971,69387,36.9,33.0,71.1,2022
3972,69388,32.7,22.5,60.7,2022
3973,70550,26.3,42.1,75.7,2022
3974,71153,18.5,31.4,62.3,2022
3975,71306,16.0,33.5,64.2,2022
3976,72181,14.9,42.1,61.7,2022
3977,73008,26.8,36.6,64.6,2022
3978,74224,12.0,29.2,41.1,2022
3979,75102,60.2,27.3,88.1,2022
3980,75105,75.9,14.0,93.0,2022
3981,75108,62.5,33.1,104.9,2022
3982,75109,54.6,24.0,79.1,2022
3983,75115,55.2,18.8,75.1,2022
3984,76217,25.3,25.6,63.1,2022
3985,76447,16.0,60.7,76.7,2022
3986,76451,67.5,33.1,101.0,2022
3987,76484,3.1,41.9,50.9,2022
3988,77014,16.1,29.6,45.7,2022
3989,77153,15.4,34.9,50.2,2022
3990,77258,33.2,18.9,51.9,2022
3991,77285,19.8,20.0,46.6,2022
3992,77464,17.0,26.2,43.4,2022
3993,77487,25.3,45.7,71.1,2022
3994,78005,27.6,25.1,54.4,2022
3995,78124,39.0,22.2,62.7,2022
3996,78126,41.4,20.9,63.0,2022
3997,78172,29.1,28.6,57.7,2022
3998,78190,48.4,28.3,76.7,2022
3999,78372,56.4,29.7,86.3,2022
4000,78383,33.5,33.2,69.8,2022
4001,78440,16.9,9.0,30.0,2022
4002,78490,26.2,27.9,57.4,2022
4003,78517,33.8,34.0,67.8,2022
4004,78624,20.4,37.8,58.1,2022
4005,78640,59.2,29.5,88.7,2022
4006,78646,45.3,28.9,76.5,2022
4007,79329,26.4,36.5,67.2,2022
4008,81099,16.2,34.3,53.1,2022
4009,83071,37.4,24.7,62.1,2022
4010,83098,30.5,32.3,62.5,2022
4011,83112,29.3,57.8,87.1,2022
4012,83126,27.4,20.5,51.4,2022
4013,83148,5.7,26.9,32.6,2022
4014,84019,18.9,22.6,48.6,2022
4015,84031,20.5,15.8,36.3,2022
4016,84087,17.0,26.5,44.0,2022
4017,84129,22.6,19.8,43.2,2022
4018,85092,12.4,58.5,85.5,2022
4019,85146,23.4,65.6,92.5,2022
4020,86066,15.3,24.0,49.1,2022
4021,86194,27.2,21.2,51.2,2022
4022,87114,21.8,54.0,76.2,2022
4023,91021,21.6,24.3,45.9,2022
4024,91103,22.6,29.8,52.4,2022
4025,91228,18.4,21.5,43.4,2022
4026,91235,21.6,21.5,43.1,2022
4027,91549,16.7,29.5,48.4,2022
4028,91552,12.9,30.2,43.3,2022
4029,91570,15.9,27.7,43.7,2022
4030,91573,17.3,40.4,57.5,2022
4031,91645,51.6,28.4,80.3,2022
4032,91657,16.8,19.1,36.5,2022
4033,91691,45.6,34.0,81.5,2022
4034,91692,23.2,21.9,46.2,2022
4035,92014,47.0,21.2,68.2,2022
4036,92020,45.0,25.4,70.4,2022
4037,92024,43.0,26.2,70.5,2022
4038,92026,61.6,27.5,89.6,2022
4039,92032,27.2,17.1,44.2,2022
4040,92051,48.7,39.4,90.3,2022
4041,92060,48.3,25.0,74.1,2022
4042,92062,59.3,25.6,85.9,2022
4043,92063,54.2,24.2,79.7,2022
4044,92064,49.9,27.5,77.7,2022
4045,92072,42.8,27.2,70.1,2022
4046,92075,43.5,26.1,69.6,2022
4047,93001,14.7,6.7,23.0,2022
4048,93027,14.2,4.9,21.3,2022
4049,93047,21.8,13.2,36.4,2022
4050,93050,23.3,19.4,44.7,2022
4051,93057,23.1,10.6,36.0,2022
4052,93071,12.9,8.2,24.6,2022
4053,94002,28.5,21.2,51.7,2022
4054,94019,34.7,19.8,54.4,2022
4055,94028,40.7,11.2,54.9,2022
4056,94034,30.1,20.4,50.5,2022
4057,94037,36.8,11.5,56.7,2022
4058,94043,56.1,25.4,82.2,2022
4059,94046,36.8,29.7,66.5,2022
4060,94054,24.0,12.3,42.8,2022
4061,94058,37.8,23.0,60.9,2022
4062,94068,42.4,28.0,73.2,2022
4063,94069,47.3,21.4,68.7,2022
4064,94074,17.2,6.9,31.1,2022
4065,94075,11.8,29.3,41.3,2022
4066,94079,27.7,24.6,53.9,2022
4067,95127,18.5,17.7,38.0,2022
4068,95176,20.9,28.9,49.7,2022
4069,95252,15.7,21.5,37.3,2022
4070,95280,8.4,10.7,20.8,2022
4071,95313,29.6,33.3,65.7,2022
4072,95351,19.6,19.4,38.9,2022
4073,95424,11.4,20.0,34.6,2022
4074,95428,20.5,24.5,45.1,2022
4075,95476,25.5,27.6,53.5,2022
4076,95539,16.3,24.7,41.0,2022
4077,95555,17.7,21.8,39.5,2022
4078,95563,20.2,30.8,51.0,2022
4079,95572,21.7,19.7,43.7,2022
4080,95582,21.9,31.7,53.5,2022
4081,95607,17.9,34.6,52.5,2022
4082,95637,18.8,31.5,50.3,2022
4083,97101,25.7,18.0,51.0,2022
4084,97115,12.0,18.3,36.4,2022
4085,97120,35.6,8.6,55.4,2022
4086,97124,22.3,18.3,49.8,2022
4087,97221,3.4,17.1,46.0,2022
4088,97222,39.4,11.6,60.4,2022
4089,97228,23.4,10.7,45.6,2022
4090,97229,35.8,15.5,60.5,2022
4091,97307,15.3,2.2,17.5,2022
4092,97309,21.7,9.0,30.7,2022
4093,97402,21.2,11.1,40.4,2022
4094,97407,25.0,8.1,36.5,2022
4095,97408,28.4,13.3,43.4,2022
4096,97411,31.2,6.7,42.3,2022
4097,97412,20.3,9.1,30.8,2022
4098,97420,29.9,11.1,41.1,2022
5558,01283,9.1,19.6,39.6,2022
5559,01354,15.4,15.4,30.9,2022
5560,02408,17.3,31.8,52.9,2022
5561,03095,7.2,40.3,55.0,2022
5562,03185,15.8,39.5,62.1,2022
5563,03190,24.5,31.6,67.6,2022
5564,03310,32.9,35.5,78.6,2022
5565,04070,29.8,29.3,62.8,2022
5566,05023,36.9,19.1,58.4,2022
5567,06069,26.5,23.8,50.6,2022
5568,06152,61.9,45.0,106.9,2022
5569,06161,29.2,27.2,56.4,2022
5570,07010,42.9,19.3,71.9,2022
5571,07019,30.2,25.7,67.9,2022
5572,08105,30.4,18.4,59.4,2022
5573,10081,13.4,17.6,42.8,2022
5574,10362,14.6,41.7,57.9,2022
5575,12202,46.3,32.3,88.7,2022
5576,13002,36.9,31.7,68.8,2022
5577,13027,13.7,27.8,41.6,2022
5578,13039,32.9,19.9,52.8,2022
5579,13041,18.9,24.7,45.7,2022
5580,13056,32.0,10.8,44.7,2022
5581,13069,24.6,40.0,65.5,2022
5582,13075,40.5,26.4,67.2,2022
5583,13081,23.0,35.7,58.7,2022
5584,13097,29.7,37.6,67.1,2022
5585,13108,15.7,8.2,25.3,2022
5586,13201,21.1,9.1,31.2,2022
5587,13202,42.4,7.6,53.7,2022
5588,13210,18.6,14.8,34.4,2022
5589,13211,27.8,16.9,46.4,2022
5590,13213,23.6,11.2,40.8,2022
5591,14341,18.1,54.6,72.7,2022
5592,14366,14.9,43.6,64.6,2022
5593,15014,36.3,40.9,85.9,2022
5594,16015,30.4,19.6,54.7,2022
5595,17300,32.5,34.3,70.3,2022
5596,19272,42.9,26.2,81.1,2022
5597,2A004,20.8,9.2,30.8,2022
5598,2A247,31.2,12.4,45.4,2022
5599,2B033,24.2,9.2,35.5,2022
5600,21166,20.4,22.6,54.7,2022
5601,22050,26.5,30.2,66.8,2022
5602,24037,27.1,28.1,65.3,2022
5603,25388,18.9,14.4,41.2,2022
5604,26058,16.2,37.3,53.7,2022
5605,26235,15.9,30.7,50.8,2022
5606,27681,28.4,31.1,59.5,2022
5607,28085,37.2,32.9,72.6,2022
5608,28088,18.2,28.4,56.0,2022
5609,28134,23.0,15.1,40.3,2022
5610,28229,19.8,27.9,55.6,2022
5611,28404,20.7,26.4,48.8,2022
5612,29019,27.9,36.1,73.5,2022
5613,29103,14.1,64.0,92.0,2022
5614,30028,21.6,15.2,38.7,2022
5615,30032,22.3,19.0,44.9,2022
5616,30189,23.9,14.1,40.7,2022
5617,30341,15.8,32.7,63.7,2022
5618,31113,27.2,35.0,62.4,2022
5619,31149,26.1,24.4,50.5,2022
5620,31157,29.7,29.4,59.1,2022
5621,31187,21.9,51.3,73.5,2022
5622,31446,43.4,24.2,67.7,2022
5623,31483,35.0,22.4,62.0,2022
5624,31506,35.9,42.9,78.8,2022
5625,32013,30.4,32.8,73.1,2022
5626,33009,72.2,21.6,100.0,2022
5627,33167,20.7,39.1,63.7,2022
5628,33192,33.2,29.8,64.8,2022
5629,33238,17.0,53.9,70.8,2022
5630,33318,32.9,43.3,77.5,2022
5631,34032,12.7,14.2,30.1,2022
5632,34145,9.4,23.3,35.5,2022
5633,34154,48.1,55.9,105.6,2022
5634,34270,27.8,42.4,70.2,2022
5635,34337,33.0,32.6,65.6,2022
5636,35051,73.6,46.4,125.1,2022
5637,35238,33.2,30.6,74.3,2022
5638,37122,19.6,41.6,63.8,2022
5639,38053,13.0,29.4,44.3,2022
5640,38193,20.4,30.4,50.8,2022
5641,38421,24.2,33.2,58.2,2022
5642,38485,33.5,43.5,77.3,2022
5643,38553,20.5,25.1,48.5,2022
5644,38563,31.2,48.4,79.6,2022
5645,41269,28.4,41.1,72.3,2022
5646,42095,14.7,26.0,42.7,2022
5647,42186,15.8,28.4,44.3,2022
5648,42187,21.9,22.6,46.0,2022
5649,42207,20.2,29.8,53.0,2022
5650,42279,28.0,43.5,71.5,2022
5651,44047,17.9,59.9,77.8,2022
5652,44055,30.1,51.1,85.8,2022
5653,44069,20.4,65.0,98.1,2022
5654,44154,23.0,73.2,97.5,2022
5655,44215,26.2,52.8,79.1,2022
5656,45075,25.1,39.3,64.4,2022
5657,45147,16.5,27.6,44.1,2022
5658,45234,27.1,21.9,51.8,2022
5659,45284,23.1,29.8,52.9,2022
5660,45285,22.0,36.8,64.0,2022
5661,47157,31.9,40.6,73.9,2022
5662,49015,25.6,56.5,85.8,2022
5663,49018,20.9,27.4,52.4,2022
5664,49099,21.7,39.0,70.5,2022
5665,49218,9.4,39.1,57.1,2022
5666,49301,7.7,49.7,63.1,2022
5667,49307,14.4,51.1,69.9,2022
5668,50025,20.9,42.2,79.1,2022
5669,50041,7.0,65.6,77.1,2022
5670,50099,9.6,56.4,75.6,2022
5671,50502,24.9,45.3,79.9,2022
5672,51230,35.1,27.3,66.7,2022
5673,51454,30.9,20.1,55.9,2022
5674,53130,27.1,34.4,69.1,2022
5675,53147,31.8,50.0,93.4,2022
5676,54323,19.6,12.5,37.2,2022
5677,54329,20.0,34.3,62.8,2022
5678,54431,12.7,33.0,52.1,2022
5679,55029,38.5,35.9,85.4,2022
5680,56083,13.3,38.5,65.4,2022
5681,56098,18.5,39.9,69.2,2022
5682,56121,21.2,32.8,70.3,2022
5683,56162,38.6,42.8,92.0,2022
5684,56178,10.1,32.4,53.5,2022
5685,56206,13.9,54.9,84.8,2022
5686,56260,34.9,26.0,77.5,2022
5687,57227,6.5,13.7,25.8,2022
5688,57240,0.0,20.8,23.4,2022
5689,57433,10.9,41.3,52.2,2022
5690,57630,15.9,39.1,59.1,2022
5691,57660,18.5,17.6,44.9,2022
5692,59017,17.2,27.5,55.9,2022
5693,59043,22.4,47.5,81.9,2022
5694,59286,18.5,40.3,66.2,2022
5695,59291,5.7,17.8,35.1,2022
5696,59299,33.0,32.0,74.6,2022
5697,59324,4.6,16.6,36.3,2022
5698,59350,35.7,23.7,67.4,2022
5699,59491,12.8,22.9,48.0,2022
5700,59507,22.9,28.9,54.5,2022
5701,59544,45.0,35.4,88.6,2022
5702,59560,40.0,31.6,82.0,2022
5703,59636,24.5,49.7,80.2,2022
5704,60057,26.5,17.4,47.7,2022
5705,60139,14.0,55.0,69.4,2022
5706,60471,21.5,15.3,44.3,2022
5707,60612,35.9,41.1,77.3,2022
5708,61169,18.0,26.4,52.4,2022
5709,62193,19.0,18.2,50.5,2022
5710,62250,25.0,27.9,65.4,2022
5711,62413,6.7,29.9,47.7,2022
5712,62427,17.6,22.7,45.9,2022
5713,62498,16.1,14.4,44.3,2022
5714,62548,15.1,27.4,51.1,2022
5715,62758,20.6,25.7,61.4,2022
5716,63014,45.4,50.9,101.8,2022
5717,63032,25.3,48.4,73.3,2022
5718,63075,44.2,24.6,70.4,2022
5719,64122,51.4,25.8,82.7,2022
5720,64422,45.1,28.4,85.8,2022
5721,64445,23.5,27.4,53.6,2022
5722,64483,35.5,35.5,88.3,2022
5723,64545,33.6,23.2,58.2,2022
5724,66008,31.4,26.5,57.8,2022
5725,66171,29.7,39.1,73.4,2022
5726,67043,34.7,14.9,54.4,2022
5727,67046,63.0,14.9,77.9,2022
5728,67180,45.2,24.4,69.6,2022
5729,67204,43.9,29.8,73.4,2022
5730,67348,51.0,27.4,80.1,2022
5731,67365,44.6,25.9,70.7,2022
5732,67437,39.7,23.9,68.1,2022
5733,67482,43.5,15.5,62.6,2022
5734,68112,25.2,17.0,42.2,2022
5735,68154,18.1,13.2,34.1,2022
5736,68224,28.5,9.0,43.1,2022
5737,68376,22.8,29.1,52.0,2022
5738,69027,26.3,37.1,66.2,2022
5739,69089,48.4,27.6,76.0,2022
5740,69149,24.0,33.9,59.9,2022
5741,69244,26.2,29.4,56.0,2022
5742,69266,22.4,31.3,60.2,2022
5743,69273,27.7,40.8,68.5,2022
5744,69382,51.2,33.9,85.9,2022
5745,71014,30.0,32.7,72.3,2022
5746,71076,29.0,20.7,55.7,2022
5747,71270,23.9,20.6,47.8,2022
5748,72154,25.6,53.2,84.6,2022
5749,72264,12.7,41.0,59.3,2022
5750,74010,32.9,27.6,61.4,2022
5751,74081,15.2,18.0,40.3,2022
5752,74133,33.6,31.3,70.4,2022
5753,74225,27.4,30.1,57.5,2022
5754,74243,15.9,20.9,36.7,2022
5755,74256,22.7,31.0,53.6,2022
5756,75101,86.1,25.5,113.6,2022
5757,75103,76.1,23.7,100.7,2022
5758,75106,72.4,22.5,99.4,2022
5759,75107,56.6,23.6,84.4,2022
5760,75111,62.0,16.1,79.4,2022
5761,75112,71.2,18.1,89.7,2022
5762,75114,56.2,13.4,70.5,2022
5763,75116,40.0,27.0,69.8,2022
5764,75119,59.4,13.2,74.5,2022
5765,75120,59.2,12.2,72.8,2022
5766,76057,20.2,56.5,76.7,2022
5767,76216,15.0,50.9,67.1,2022
5768,76231,12.4,18.3,34.8,2022
5769,76322,17.6,46.5,66.1,2022
5770,76351,19.5,30.2,51.8,2022
5771,76410,18.6,45.7,66.5,2022
5772,76476,9.0,39.9,48.9,2022
5773,77058,33.3,21.3,55.9,2022
5774,77108,17.3,24.3,43.9,2022
5775,77118,7.7,35.2,42.9,2022
5776,77122,19.7,36.5,58.4,2022
5777,77131,40.4,32.1,74.9,2022
5778,77152,26.0,29.6,55.6,2022
5779,77288,20.5,14.9,36.2,2022
5780,77294,10.3,31.3,41.6,2022
5781,77307,23.1,25.2,48.3,2022
5782,77350,30.3,32.4,63.1,2022
5783,77373,13.6,36.6,51.4,2022
5784,77407,21.1,36.1,57.7,2022
5785,77468,31.9,22.6,55.8,2022
5786,77514,12.1,32.7,44.9,2022
5787,78015,13.5,38.6,53.8,2022
5788,78029,20.8,18.1,39.0,2022
5789,78073,43.4,28.6,71.8,2022
5790,78123,26.2,21.6,49.5,2022
5791,78146,47.0,31.6,79.7,2022
5792,78158,55.6,19.3,74.9,2022
5793,78208,29.2,31.5,61.8,2022
5794,78242,34.5,30.7,65.1,2022
5795,78311,34.7,37.6,72.3,2022
5796,78358,54.1,23.3,77.4,2022
5797,78423,42.0,27.8,70.2,2022
5798,78481,39.9,31.9,72.7,2022
5799,78545,35.6,20.0,55.7,2022
5800,78586,31.5,30.6,64.6,2022
5801,78621,14.5,15.4,34.6,2022
5802,78643,26.5,24.9,54.2,2022
5803,78650,43.5,22.8,71.7,2022
5804,78674,35.2,33.8,69.0,2022
5805,78688,39.9,33.7,73.3,2022
5806,79049,13.1,45.0,60.0,2022
5807,80001,14.3,44.4,67.7,2022
5808,80021,27.7,24.5,60.6,2022
5809,81140,44.9,47.7,96.1,2022
5810,82112,14.5,18.2,39.3,2022
5811,83023,16.1,21.7,37.8,2022
5812,83042,30.7,23.2,54.1,2022
5813,83061,24.6,19.3,45.6,2022
5814,83069,30.5,25.5,56.8,2022
5815,83107,28.5,43.9,72.4,2022
5816,83115,37.9,16.6,54.5,2022
5817,83116,36.4,40.3,77.2,2022
5818,83123,51.5,38.0,89.5,2022
5819,83144,28.7,29.7,59.2,2022
5820,84092,14.7,20.7,35.6,2022
5821,85047,16.7,78.7,104.0,2022
5822,85226,21.4,90.1,117.6,2022
5823,86041,12.6,47.7,60.3,2022
5824,87154,14.6,42.2,56.8,2022
5825,88160,28.0,31.3,67.2,2022
5826,88413,25.8,30.3,65.2,2022
5827,89387,28.3,19.5,47.8,2022
5828,91114,26.1,26.1,54.2,2022
5829,91161,22.7,22.7,45.3,2022
5830,91174,13.1,14.8,30.7,2022
5831,91200,24.3,37.4,66.1,2022
5832,91216,27.6,29.7,57.3,2022
5833,91223,18.9,19.9,40.3,2022
5834,91272,45.2,36.2,82.6,2022
5835,91326,18.1,17.8,35.9,2022
5836,91345,27.2,28.6,56.2,2022
5837,91377,40.5,28.9,70.5,2022
5838,91432,25.4,35.5,61.2,2022
5839,91471,59.2,28.4,89.1,2022
5840,91589,17.8,36.2,55.0,2022
5841,91661,66.9,21.7,88.9,2022
5842,92022,38.0,27.7,66.5,2022
5843,92023,50.8,23.7,76.4,2022
5844,92025,38.5,23.5,63.6,2022
5845,92035,66.5,18.4,85.5,2022
5846,92036,33.3,12.1,53.8,2022
5847,92046,37.0,27.4,64.7,2022
5848,92049,66.0,20.5,86.5,2022
5849,92050,35.6,21.2,59.8,2022
5850,92071,59.6,23.5,83.1,2022
5851,92073,46.1,32.3,80.3,2022
5852,93006,25.9,15.5,43.6,2022
5853,93007,12.3,5.6,18.3,2022
5854,93032,20.9,19.4,40.3,2022
5855,93051,24.4,19.9,46.2,2022
5856,93055,25.2,15.7,43.2,2022
5857,93063,26.4,24.0,50.4,2022
5858,93064,24.6,17.0,41.8,2022
5859,93066,21.5,11.3,35.7,2022
5860,93070,25.7,23.8,51.6,2022
5861,93072,20.3,6.8,28.5,2022
5862,94011,23.7,16.3,48.9,2022
5863,94015,51.4,18.7,73.7,2022
5864,94017,22.2,19.0,44.0,2022
5865,94018,49.3,25.2,74.5,2022
5866,94021,38.3,21.2,60.0,2022
5867,94022,24.0,18.2,44.0,2022
5868,94033,32.4,30.7,66.1,2022
5869,94038,31.0,20.9,53.3,2022
5870,94052,38.4,22.6,62.2,2022
5871,94060,8.0,17.1,25.1,2022
5872,94067,52.3,27.3,83.7,2022
5873,94073,36.2,16.3,53.7,2022
5874,94076,34.8,17.1,55.1,2022
5875,94078,12.1,8.8,21.7,2022
5876,94080,58.4,28.6,87.2,2022
5877,94081,21.8,8.6,31.6,2022
5878,95203,30.2,27.2,57.4,2022
5879,95218,16.0,26.2,42.2,2022
5880,95219,21.2,27.7,48.9,2022
5881,95277,21.7,9.2,32.9,2022
5882,95306,19.9,33.3,53.2,2022
5883,95323,18.6,29.7,48.4,2022
5884,95427,12.3,19.7,32.1,2022
5885,95500,23.5,19.4,44.2,2022
5886,95585,13.8,10.2,33.2,2022
5887,95680,11.4,8.6,22.1,2022
5888,97113,30.7,18.1,57.1,2022
5889,97117,18.5,12.7,37.1,2022
5890,97118,10.2,16.7,30.9,2022
5891,97128,14.7,15.6,33.4,2022
5892,97207,14.0,28.8,48.7,2022
5893,97213,54.4,13.0,71.4,2022
5894,97224,40.8,9.6,66.4,2022
5895,97302,14.3,3.4,17.7,2022
5896,97304,17.2,5.7,22.8,2022
5897,97305,11.7,3.4,15.2,2022
5898,97306,1.2,0.4,4.0,2022
5899,97353,0.0,1.0,1.0,2022
5900,97401,17.1,28.4,49.1,2022
5901,97409,23.8,7.1,33.7,2022
5902,97422,12.3,16.8,29.8,2022
5903,97701,0.0,34.2,39.2,2022
5904,97801,7.5,8.1,26.3,2022
