SIRET,Délai d'attribution moyen,,,,,
200000172,16.4,,,,,
200000438,19.6,,,,,
200000545,6.0,,,,,
200000628,6.0,,,,,
200000800,4.6,,,,,
200000925,7.4,,,,,
200000933,6.0,,,,,
200004802,10.9,,,,,
200005932,11.2,,,,,
200005957,3.8,,,,,
200006682,7.8,,,,,
200006716,5.6,,,,,
200006930,2.1,,,,,
200006971,5.2,,,,,
200007052,4.7,,,,,
200007177,5.9,,,,,
200010650,8.8,,,,,
200010700,9.5,,,,,
200011773,29.7,,,,,
200011781,3.7,,,,,
200013050,11.5,,,,,
200015162,12.8,,,,,
200016905,4.3,,,,,
200017341,23.9,,,,,
200017846,28.5,,,,,
200018083,13.7,,,,,
200018166,12.5,,,,,
200018406,6.0,,,,,
200018521,3.7,,,,,
200018653,13.9,,,,,
200022986,19.6,,,,,
200023075,5.1,,,,,
200023125,30.4,,,,,
200023240,20.0,,,,,
200023299,8.2,,,,,
200023307,9.1,,,,,
200023372,17.8,,,,,
200023414,11.4,,,,,
200023620,13.4,,,,,
200023737,7.9,,,,,
200023778,18.9,,,,,
200023794,19.3,,,,,
200023919,18.4,,,,,
200026573,3.7,,,,,
200027027,15.3,,,,,
200027076,4.7,,,,,
200027100,30.6,,,,,
200027183,14.1,,,,,
200027217,9.9,,,,,
200027308,7.6,,,,,
200027548,13.4,,,,,
200029734,11.2,,,,,
200029999,9.3,,,,,
200030195,31.1,,,,,
200030385,12.5,,,,,
200030435,12.7,,,,,
200030526,8.3,,,,,
200030633,12.5,,,,,
200030658,9.5,,,,,
200030674,9.7,,,,,
200032514,5.5,,,,,
200033025,5.4,,,,,
200033090,26.5,,,,,
200033116,15.7,,,,,
200033173,30.5,,,,,
200033181,12.3,,,,,
200033298,10.4,,,,,
200033579,11.9,,,,,
200033827,4.6,,,,,
200033868,4.0,,,,,
200034023,12.5,,,,,
200034031,4.3,,,,,
200034049,22.2,,,,,
200034056,9.1,,,,,
200034064,6.7,,,,,
200034098,14.9,,,,,
200034130,30.0,,,,,
200034197,9.3,,,,,
200034205,12.2,,,,,
200034270,9.1,,,,,
200034379,14.0,,,,,
200034411,12.1,,,,,
200034601,6.7,,,,,
200034635,16.1,,,,,
200034692,10.3,,,,,
200034700,15.7,,,,,
200034718,6.5,,,,,
200034726,4.4,,,,,
200034825,6.2,,,,,
200034833,6.1,,,,,
200034874,0.6,,,,,
200034882,12.1,,,,,
200034957,13.6,,,,,
200035087,15.6,,,,,
200035103,8.8,,,,,
200035111,5.1,,,,,
200035129,10.1,,,,,
200035137,2.3,,,,,
200035202,4.1,,,,,
200035319,26.7,,,,,
200035327,3.8,,,,,
200035442,8.2,,,,,
200035533,17.3,,,,,
200035541,11.6,,,,,
200035632,6.3,,,,,
200035707,13.4,,,,,
200035715,12.9,,,,,
200035723,6.2,,,,,
200035731,8.1,,,,,
200035756,8.4,,,,,
200035764,8.6,,,,,
200035772,4.9,,,,,
200035814,8.8,,,,,
200035848,3.6,,,,,
200035855,10.7,,,,,
200035863,15.7,,,,,
200035970,60.2,,,,,
200036069,8.8,,,,,
200036077,31.0,,,,,
200036135,4.7,,,,,
200036150,3.3,,,,,
200036465,8.4,,,,,
200036473,22.8,,,,,
200036499,13.2,,,,,
200036523,11.5,,,,,
200036549,4.8,,,,,
200037059,7.0,,,,,
200037133,17.9,,,,,
200038958,5.1,,,,,
200038990,15.9,,,,,
200039022,14.8,,,,,
200039055,25.6,,,,,
200039063,9.0,,,,,
200039204,9.2,,,,,
200039519,4.4,,,,,
200039642,4.4,,,,,
200039709,5.8,,,,,
200039758,3.6,,,,,
200039808,14.6,,,,,
200039824,8.3,,,,,
200039832,9.6,,,,,
200039857,19.5,,,,,
200039865,14.5,,,,,
200039907,9.7,,,,,
200039915,25.7,,,,,
200039931,12.2,,,,,
200039949,12.8,,,,,
200040038,5.7,,,,,
200040095,11.5,,,,,
200040111,5.4,,,,,
200040137,3.5,,,,,
200040178,7.1,,,,,
200040202,16.0,,,,,
200040210,10.3,,,,,
200040244,16.3,,,,,
200040251,9.9,,,,,
200040277,16.6,,,,,
200040293,3.0,,,,,
200040350,6.9,,,,,
200040384,13.2,,,,,
200040392,10.6,,,,,
200040400,10.8,,,,,
200040418,2.6,,,,,
200040426,8.4,,,,,
200040442,12.7,,,,,
200040459,14.5,,,,,
200040475,8.8,,,,,
200040491,6.9,,,,,
200040509,19.7,,,,,
200040558,3.6,,,,,
200040566,11.2,,,,,
200040574,17.2,,,,,
200040590,13.7,,,,,
200040624,11.7,,,,,
200040657,6.1,,,,,
200040681,8.2,,,,,
200040715,17.0,,,,,
200040764,30.0,,,,,
200040772,5.1,,,,,
200040798,13.2,,,,,
200040814,4.8,,,,,
200040830,9.7,,,,,
200040889,13.2,,,,,
200040905,6.9,,,,,
200040947,17.5,,,,,
200040954,11.6,,,,,
200041010,9.5,,,,,
200041051,8.8,,,,,
200041150,8.3,,,,,
200041168,8.5,,,,,
200041283,7.7,,,,,
200041317,17.0,,,,,
200041325,16.0,,,,,
200041333,14.1,,,,,
200041366,12.3,,,,,
200041416,17.2,,,,,
200041440,11.6,,,,,
200041465,5.2,,,,,
200041499,20.8,,,,,
200041507,13.7,,,,,
200041515,9.0,,,,,
200041523,18.3,,,,,
200041556,4.1,,,,,
200041572,14.5,,,,,
200041614,22.5,,,,,
200041622,2.9,,,,,
200041630,5.5,,,,,
200041689,10.9,,,,,
200041721,3.6,,,,,
200041762,24.3,,,,,
200041788,17.5,,,,,
200041853,2.9,,,,,
200041861,4.1,,,,,
200041879,4.1,,,,,
200041887,5.2,,,,,
200041960,17.0,,,,,
200041994,10.6,,,,,
200042000,4.4,,,,,
200042174,20.9,,,,,
200042182,8.0,,,,,
200042190,15.1,,,,,
200042372,9.0,,,,,
200042414,5.9,,,,,
200042463,8.3,,,,,
200042497,7.4,,,,,
200042604,18.2,,,,,
200042620,4.0,,,,,
200042646,10.8,,,,,
200042653,14.0,,,,,
200042703,2.9,,,,,
200042729,13.6,,,,,
200042901,9.4,,,,,
200042935,6.0,,,,,
200042943,27.1,,,,,
200042992,2.1,,,,,
200043016,7.6,,,,,
200043065,11.5,,,,,
200043081,9.7,,,,,
200043123,22.4,,,,,
200043156,5.8,,,,,
200043172,9.2,,,,,
200043263,5.8,,,,,
200043321,11.5,,,,,
200043354,11.3,,,,,
200043396,10.6,,,,,
200043404,7.9,,,,,
200043438,5.3,,,,,
200043495,6.1,,,,,
200043602,17.1,,,,,
200043628,12.3,,,,,
200043693,10.3,,,,,
200043776,9.3,,,,,
200043974,19.4,,,,,
200043982,10.3,,,,,
200043990,15.4,,,,,
200044014,5.8,,,,,
200044030,13.2,,,,,
200044048,10.7,,,,,
200044253,4.5,,,,,
200044394,14.7,,,,,
200044469,16.8,,,,,
200044618,14.5,,,,,
200044691,12.8,,,,,
200046977,25.2,,,,,
200048551,8.2,,,,,
200049187,8.4,,,,,
200049211,7.9,,,,,
200049484,2.7,,,,,
200050532,17.2,,,,,
200054807,26.2,,,,,
200055481,9.1,,,,,
200055655,38.3,,,,,
200055887,10.6,,,,,
200056232,34.2,,,,,
200056380,40.6,,,,,
200057859,31.1,,,,,
200057867,45.2,,,,,
200057875,48.1,,,,,
200057941,42.4,,,,,
200057958,38.7,,,,,
200057966,40.9,,,,,
200057974,40.9,,,,,
200057982,41.3,,,,,
200057990,47.1,,,,,
200058006,41.6,,,,,
200058014,43.5,,,,,
200058097,39.7,,,,,
200058360,9.1,,,,,
200058477,32.4,,,,,
200058485,39.5,,,,,
200058519,34.9,,,,,
200058782,32.6,,,,,
200058790,40.8,,,,,
200059228,31.2,,,,,
200059392,10.2,,,,,
200059400,7.6,,,,,
200059871,16.5,,,,,
200059889,31.5,,,,,
200060010,13.8,,,,,
200060457,16.6,,,,,
200060465,19.0,,,,,
200060473,15.1,,,,,
200065563,18.8,,,,,
200065589,18.4,,,,,
200065597,19.2,,,,,
200065647,5.9,,,,,
200065787,8.9,,,,,
200065886,6.2,,,,,
200065894,6.5,,,,,
200065928,15.1,,,,,
200066009,9.5,,,,,
200066017,8.9,,,,,
200066025,7.0,,,,,
200066033,5.7,,,,,
200066041,8.0,,,,,
200066058,10.7,,,,,
200066108,3.5,,,,,
200066116,5.7,,,,,
200066124,10.9,,,,,
200066132,10.9,,,,,
200066140,5.8,,,,,
200066157,5.8,,,,,
200066165,10.3,,,,,
200066173,7.6,,,,,
200066223,1.9,,,,,
200066231,10.1,,,,,
200066280,7.2,,,,,
200066322,8.9,,,,,
200066330,7.0,,,,,
200066348,10.2,,,,,
200066355,22.3,,,,,
200066363,7.1,,,,,
200066371,9.2,,,,,
200066389,12.3,,,,,
200066405,9.1,,,,,
200066413,8.3,,,,,
200066462,7.3,,,,,
200066512,4.3,,,,,
200066520,5.0,,,,,
200066553,8.1,,,,,
200066561,6.0,,,,,
200066587,6.5,,,,,
200066603,3.1,,,,,
200066637,3.4,,,,,
200066645,4.0,,,,,
200066652,11.0,,,,,
200066660,4.5,,,,,
200066678,4.0,,,,,
200066710,9.9,,,,,
200066728,15.7,,,,,
200066744,8.2,,,,,
200066751,4.0,,,,,
200066769,6.6,,,,,
200066777,15.8,,,,,
200066785,14.1,,,,,
200066793,23.5,,,,,
200066801,11.0,,,,,
200066819,13.0,,,,,
200066827,13.4,,,,,
200066835,6.5,,,,,
200066850,5.2,,,,,
200066868,11.6,,,,,
200066876,5.7,,,,,
200066884,11.9,,,,,
200066892,4.5,,,,,
200066918,10.0,,,,,
200066926,10.8,,,,,
200066975,12.6,,,,,
200067023,10.2,,,,,
200067031,15.2,,,,,
200067049,3.4,,,,,
200067064,4.4,,,,,
200067072,16.6,,,,,
200067080,9.2,,,,,
200067106,27.1,,,,,
200067114,9.8,,,,,
200067122,14.4,,,,,
200067130,5.3,,,,,
200067155,3.0,,,,,
200067163,1.4,,,,,
200067171,2.8,,,,,
200067189,4.7,,,,,
200067197,11.7,,,,,
200067205,10.5,,,,,
200067213,9.3,,,,,
200067239,9.4,,,,,
200067247,8.2,,,,,
200067254,14.1,,,,,
200067262,10.2,,,,,
200067288,9.0,,,,,
200067296,12.9,,,,,
200067304,6.3,,,,,
200067320,16.0,,,,,
200067346,27.9,,,,,
200067361,6.5,,,,,
200067379,5.7,,,,,
200067429,2.7,,,,,
200067437,9.0,,,,,
200067445,7.0,,,,,
200067452,10.6,,,,,
200067460,16.0,,,,,
200067478,8.7,,,,,
200067486,5.6,,,,,
200067502,6.8,,,,,
200067544,4.1,,,,,
200067551,15.6,,,,,
200067593,5.3,,,,,
200067627,4.8,,,,,
200067635,18.1,,,,,
200067643,6.9,,,,,
200067650,9.5,,,,,
200067668,5.5,,,,,
200067676,5.6,,,,,
200067684,7.3,,,,,
200067692,1.3,,,,,
200067700,3.7,,,,,
200067742,8.4,,,,,
200067759,3.2,,,,,
200067767,8.2,,,,,
200067783,11.1,,,,,
200067791,10.5,,,,,
200067817,10.5,,,,,
200067825,12.1,,,,,
200067841,7.0,,,,,
200067866,22.4,,,,,
200067874,13.1,,,,,
200067882,3.7,,,,,
200067890,1.9,,,,,
200067908,3.1,,,,,
200067916,3.5,,,,,
200067924,11.4,,,,,
200067932,19.1,,,,,
200067940,9.6,,,,,
200067957,3.9,,,,,
200067965,12.8,,,,,
200067973,13.4,,,,,
200067981,14.4,,,,,
200067999,16.4,,,,,
200068005,9.0,,,,,
200068047,21.4,,,,,
200068070,6.2,,,,,
200068088,4.3,,,,,
200068096,5.6,,,,,
200068104,27.8,,,,,
200068112,15.0,,,,,
200068120,17.2,,,,,
200068146,6.4,,,,,
200068229,11.9,,,,,
200068278,7.0,,,,,
200068294,3.3,,,,,
200068369,3.9,,,,,
200068377,6.1,,,,,
200068435,5.5,,,,,
200068443,7.6,,,,,
200068450,6.8,,,,,
200068468,7.6,,,,,
200068484,7.3,,,,,
200068500,10.7,,,,,
200068534,7.1,,,,,
200068542,9.2,,,,,
200068559,5.0,,,,,
200068567,9.0,,,,,
200068625,4.9,,,,,
200068641,14.2,,,,,
200068658,4.9,,,,,
200068666,4.0,,,,,
200068674,16.3,,,,,
200068682,6.8,,,,,
200068757,6.8,,,,,
200068765,9.3,,,,,
200068773,3.1,,,,,
200068781,12.4,,,,,
200068799,8.0,,,,,
200068807,16.8,,,,,
200068815,12.2,,,,,
200068831,5.0,,,,,
200068856,8.8,,,,,
200068864,12.7,,,,,
200068872,4.2,,,,,
200068880,4.0,,,,,
200068914,11.7,,,,,
200068922,3.8,,,,,
200068930,7.0,,,,,
200068948,1.6,,,,,
200068955,15.5,,,,,
200068963,12.5,,,,,
200068989,17.1,,,,,
200068997,6.9,,,,,
200069003,5.0,,,,,
200069029,16.2,,,,,
200069037,12.4,,,,,
200069052,5.6,,,,,
200069060,6.9,,,,,
200069086,14.9,,,,,
200069094,14.9,,,,,
200069102,6.7,,,,,
200069110,16.8,,,,,
200069128,10.1,,,,,
200069136,3.7,,,,,
200069144,6.3,,,,,
200069151,7.8,,,,,
200069169,7.3,,,,,
200069177,6.7,,,,,
200069185,5.6,,,,,
200069193,7.3,,,,,
200069227,6.1,,,,,
200069235,13.2,,,,,
200069250,5.4,,,,,
200069268,5.1,,,,,
200069300,7.4,,,,,
200069383,9.5,,,,,
200069391,18.5,,,,,
200069409,17.5,,,,,
200069417,12.0,,,,,
200069425,11.3,,,,,
200069433,6.2,,,,,
200069441,3.9,,,,,
200069458,5.5,,,,,
200069482,7.3,,,,,
200069516,9.6,,,,,
200069524,11.4,,,,,
200069532,13.4,,,,,
200069540,6.6,,,,,
200069565,6.9,,,,,
200069581,19.8,,,,,
200069599,19.6,,,,,
200069615,3.9,,,,,
200069623,6.9,,,,,
200069631,7.3,,,,,
200069649,12.2,,,,,
200069656,14.3,,,,,
200069664,3.5,,,,,
200069672,9.0,,,,,
200069698,5.6,,,,,
200069722,8.0,,,,,
200069730,7.9,,,,,
200069748,7.8,,,,,
200069755,13.2,,,,,
200069763,12.4,,,,,
200069821,11.4,,,,,
200069839,8.8,,,,,
200069847,8.4,,,,,
200069854,12.3,,,,,
200069912,6.5,,,,,
200069953,10.9,,,,,
200069961,6.6,,,,,
200069995,17.3,,,,,
200070035,8.1,,,,,
200070043,11.4,,,,,
200070068,8.3,,,,,
200070092,19.6,,,,,
200070100,8.4,,,,,
200070118,6.7,,,,,
200070126,5.1,,,,,
200070142,8.3,,,,,
200070159,7.6,,,,,
200070167,6.7,,,,,
200070183,9.2,,,,,
200070233,16.6,,,,,
200070282,7.9,,,,,
200070290,8.3,,,,,
200070308,9.7,,,,,
200070316,2.7,,,,,
200070324,6.1,,,,,
200070332,3.6,,,,,
200070340,5.3,,,,,
200070365,15.3,,,,,
200070373,7.2,,,,,
200070407,9.9,,,,,
200070431,6.9,,,,,
200070449,12.4,,,,,
200070464,7.5,,,,,
200070506,5.5,,,,,
200070514,9.5,,,,,
200070530,2.7,,,,,
200070548,3.4,,,,,
200070555,6.3,,,,,
200070563,7.6,,,,,
200070571,7.4,,,,,
200070589,12.7,,,,,
200070647,12.3,,,,,
200070662,13.7,,,,,
200070670,16.3,,,,,
200070688,11.5,,,,,
200070712,6.0,,,,,
200070720,18.8,,,,,
200070738,10.2,,,,,
200070746,5.7,,,,,
200070753,8.7,,,,,
200070761,3.8,,,,,
200070779,24.4,,,,,
200070787,4.3,,,,,
200070795,4.7,,,,,
200070803,4.4,,,,,
200070811,5.1,,,,,
200070845,11.2,,,,,
200070852,7.2,,,,,
200070894,8.9,,,,,
200070902,7.6,,,,,
200070910,6.9,,,,,
200070928,10.0,,,,,
200070936,9.1,,,,,
200070944,14.4,,,,,
200070951,8.0,,,,,
200070969,8.3,,,,,
200070977,9.4,,,,,
200070985,9.1,,,,,
200070993,13.1,,,,,
200071017,5.3,,,,,
200071025,5.7,,,,,
200071033,6.2,,,,,
200071041,4.3,,,,,
200071058,12.3,,,,,
200071066,6.2,,,,,
200071074,25.1,,,,,
200071082,6.0,,,,,
200071116,8.0,,,,,
200071140,6.5,,,,,
200071165,25.1,,,,,
200071173,5.2,,,,,
200071181,12.6,,,,,
200071199,8.2,,,,,
200071207,5.6,,,,,
200071215,7.5,,,,,
200071223,16.3,,,,,
200071298,13.2,,,,,
200071314,17.9,,,,,
200071363,8.6,,,,,
200071371,5.9,,,,,
200071389,6.3,,,,,
200071405,7.5,,,,,
200071413,7.2,,,,,
200071454,12.0,,,,,
200071470,3.7,,,,,
200071496,4.4,,,,,
200071504,6.1,,,,,
200071512,5.2,,,,,
200071520,5.4,,,,,
200071538,7.1,,,,,
200071546,42.1,,,,,
200071553,18.1,,,,,
200071579,5.1,,,,,
200071587,8.9,,,,,
200071595,5.8,,,,,
200071629,17.2,,,,,
200071645,1.9,,,,,
200071652,6.0,,,,,
200071678,15.3,,,,,
200071751,10.1,,,,,
200071769,5.8,,,,,
200071777,6.0,,,,,
200071785,6.4,,,,,
200071819,6.6,,,,,
200071827,11.3,,,,,
200071843,10.5,,,,,
200071850,9.0,,,,,
200071868,15.9,,,,,
200071876,13.3,,,,,
200071884,3.5,,,,,
200071892,7.5,,,,,
200071900,19.2,,,,,
200071918,14.8,,,,,
200071926,9.3,,,,,
200071934,15.4,,,,,
200071942,5.3,,,,,
200071967,13.1,,,,,
200071983,3.1,,,,,
200071991,6.8,,,,,
200072007,3.4,,,,,
200072015,8.0,,,,,
200072023,10.3,,,,,
200072031,11.4,,,,,
200072049,7.1,,,,,
200072056,4.8,,,,,
200072064,6.1,,,,,
200072072,7.8,,,,,
200072080,6.2,,,,,
200072098,7.0,,,,,
200072106,4.6,,,,,
200072130,36.1,,,,,
200072304,4.9,,,,,
200072312,14.3,,,,,
200072320,10.3,,,,,
200072346,24.0,,,,,
200072452,11.4,,,,,
200072460,12.1,,,,,
200072478,17.0,,,,,
200072544,21.8,,,,,
200072635,9.6,,,,,
200072643,10.3,,,,,
200072650,12.4,,,,,
200072668,6.0,,,,,
200072676,8.3,,,,,
200072684,13.3,,,,,
200072692,7.9,,,,,
200072700,13.1,,,,,
200072718,5.6,,,,,
200072726,11.5,,,,,
200072734,25.1,,,,,
200072825,5.8,,,,,
200072874,31.8,,,,,
200072882,14.1,,,,,
200072981,8.9,,,,,
200072999,4.4,,,,,
200073013,35.6,,,,,
200073096,10.7,,,,,
200073104,18.4,,,,,
200073112,6.8,,,,,
200073120,29.5,,,,,
200073138,7.7,,,,,
200073146,11.4,,,,,
200073161,11.7,,,,,
200073237,10.1,,,,,
200073245,9.6,,,,,
200073252,17.5,,,,,
200073260,18.0,,,,,
200073344,19.7,,,,,
200073393,4.9,,,,,
200073401,4.9,,,,,
200073419,6.7,,,,,
200073427,5.8,,,,,
200077014,13.2,,,,,
200083392,12.7,,,,,
200084952,12.6,,,,,
200085728,6.0,,,,,
200085751,9.7,,,,,
200089456,11.0,,,,,
200090504,26.2,,,,,
200090561,7.2,,,,,
200090579,6.3,,,,,
200090751,9.8,,,,,
200093201,22.0,,,,,
200096634,5.9,,,,,
200096642,6.3,,,,,
200096675,10.6,,,,,
200096683,16.3,,,,,
200096956,11.4,,,,,
75056,46.3,,,,,
240100610,11.4,,,,,
240100750,13.1,,,,,
240100800,15.9,,,,,
240100883,8.3,,,,,
240100891,10.5,,,,,
240200444,4.4,,,,,
240200469,5.9,,,,,
240200477,8.5,,,,,
240200493,6.8,,,,,
240200501,6.9,,,,,
240200519,3.7,,,,,
240200576,7.6,,,,,
240200584,11.4,,,,,
240200592,11.6,,,,,
240200600,4.2,,,,,
240200634,4.3,,,,,
240300491,6.5,,,,,
240300558,4.5,,,,,
240300566,6.3,,,,,
240300657,8.7,,,,,
240400440,9.7,,,,,
240500439,12.8,,,,,
240500462,8.2,,,,,
240600551,35.5,,,,,
240600585,34.5,,,,,
240600593,16.1,,,,,
240700302,9.5,,,,,
240700617,8.3,,,,,
240700716,5.0,,,,,
240700815,11.4,,,,,
240700864,5.9,,,,,
240800821,6.4,,,,,
240800847,5.5,,,,,
240800862,4.8,,,,,
240800920,3.9,,,,,
240900431,12.1,,,,,
240900464,6.9,,,,,
241000223,3.7,,,,,
241000405,3.6,,,,,
241000447,4.5,,,,,
241000488,4.9,,,,,
241100593,18.2,,,,,
241200187,8.1,,,,,
241200542,4.4,,,,,
241200567,7.5,,,,,
241200625,7.5,,,,,
241200641,10.2,,,,,
241200658,8.7,,,,,
241200674,6.1,,,,,
241200765,2.1,,,,,
241200807,6.3,,,,,
241200906,2.9,,,,,
241200914,1.9,,,,,
241300375,27.2,,,,,
241300417,20.0,,,,,
241400415,18.6,,,,,
241400514,11.4,,,,,
241400555,13.7,,,,,
241400860,23.4,,,,,
241400878,14.9,,,,,
241500230,6.0,,,,,
241500255,3.5,,,,,
241500271,4.0,,,,,
241501055,4.8,,,,,
241501089,5.5,,,,,
241501139,4.8,,,,,
241600303,3.5,,,,,
241700434,23.9,,,,,
241700459,25.9,,,,,
241700517,5.6,,,,,
241700624,23.9,,,,,
241700640,18.3,,,,,
241700699,18.4,,,,,
241800374,7.4,,,,,
241800424,6.2,,,,,
241800432,4.8,,,,,
241800457,7.7,,,,,
241800507,8.6,,,,,
241900133,4.9,,,,,
241927201,6.2,,,,,
241927243,5.0,,,,,
242000354,18.0,,,,,
242000495,29.7,,,,,
242010056,19.8,,,,,
242010130,8.9,,,,,
242020071,17.0,,,,,
242020105,14.3,,,,,
242100154,5.0,,,,,
242100410,12.0,,,,,
242101434,5.6,,,,,
242101442,3.1,,,,,
242101459,5.0,,,,,
242101491,4.2,,,,,
242101509,4.5,,,,,
242200715,11.6,,,,,
242300135,6.4,,,,,
242320000,3.7,,,,,
242320109,5.9,,,,,
242400752,8.9,,,,,
242400935,6.8,,,,,
242401024,14.3,,,,,
242500320,0.7,,,,,
242500338,15.1,,,,,
242500361,9.2,,,,,
242504116,6.9,,,,,
242504181,8.5,,,,,
242504355,4.7,,,,,
242504371,5.2,,,,,
242504447,4.9,,,,,
242504488,7.9,,,,,
242504496,3.3,,,,,
242600252,14.3,,,,,
242600492,14.7,,,,,
242600534,13.9,,,,,
242700276,8.4,,,,,
242700607,7.8,,,,,
242852465,8.8,,,,,
242900074,15.1,,,,,
242900314,15.4,,,,,
242900553,16.2,,,,,
242900561,7.6,,,,,
242900629,12.4,,,,,
242900645,13.4,,,,,
242900660,15.5,,,,,
242900694,15.4,,,,,
242900702,17.5,,,,,
242900710,18.9,,,,,
242900744,14.2,,,,,
242900751,14.7,,,,,
242900769,17.5,,,,,
242900793,11.8,,,,,
242900801,15.1,,,,,
242900835,10.2,,,,,
243000270,8.7,,,,,
243000296,11.1,,,,,
243000569,19.4,,,,,
243000585,16.1,,,,,
243000593,15.4,,,,,
243000643,17.6,,,,,
243000650,18.3,,,,,
243000684,11.6,,,,,
243100518,15.8,,,,,
243100567,12.7,,,,,
243100633,9.0,,,,,
243100732,14.9,,,,,
243100773,15.5,,,,,
243100781,17.6,,,,,
243100815,12.1,,,,,
243200391,8.8,,,,,
243200409,12.1,,,,,
243200417,9.8,,,,,
243200425,4.3,,,,,
243200458,10.3,,,,,
243200508,7.3,,,,,
243200599,16.1,,,,,
243200607,6.8,,,,,
243300316,19.9,,,,,
243300563,18.7,,,,,
243300811,12.7,,,,,
243301165,19.7,,,,,
243301181,15.5,,,,,
243301215,22.6,,,,,
243301223,23.5,,,,,
243301249,22.3,,,,,
243301264,21.7,,,,,
243301355,18.8,,,,,
243301371,9.9,,,,,
243301389,25.3,,,,,
243301397,28.6,,,,,
243301405,19.7,,,,,
243301439,17.9,,,,,
243301447,27.6,,,,,
243301454,18.9,,,,,
243301504,19.2,,,,,
243400017,22.2,,,,,
243400355,21.8,,,,,
243400470,15.6,,,,,
243400488,12.0,,,,,
243400520,25.5,,,,,
243400694,27.4,,,,,
243400736,10.3,,,,,
243400769,13.9,,,,,
243400819,17.8,,,,,
243500139,24.9,,,,,
243500550,15.3,,,,,
243500618,15.9,,,,,
243500634,19.4,,,,,
243500659,17.0,,,,,
243500667,16.4,,,,,
243500725,17.3,,,,,
243500733,15.3,,,,,
243500741,16.0,,,,,
243500774,16.0,,,,,
243500782,19.0,,,,,
243600202,4.0,,,,,
243600236,3.3,,,,,
243600293,3.7,,,,,
243600301,4.5,,,,,
243600319,4.0,,,,,
243600327,6.1,,,,,
243600343,2.5,,,,,
243600350,3.1,,,,,
243700499,7.8,,,,,
243700754,14.4,,,,,
243700820,9.3,,,,,
243800604,11.4,,,,,
243800745,6.9,,,,,
243800935,11.6,,,,,
243800984,10.7,,,,,
243801024,8.2,,,,,
243801073,6.5,,,,,
243801255,10.7,,,,,
243900354,4.7,,,,,
243900420,4.5,,,,,
243900479,6.8,,,,,
243900560,4.3,,,,,
243900610,4.8,,,,,
243901089,18.3,,,,,
244000543,11.2,,,,,
244000659,20.6,,,,,
244000675,15.5,,,,,
244000691,12.5,,,,,
244000766,23.6,,,,,
244000774,9.2,,,,,
244000808,13.5,,,,,
244000824,15.5,,,,,
244000857,15.6,,,,,
244000865,19.9,,,,,
244000873,13.5,,,,,
244100293,5.7,,,,,
244100780,7.0,,,,,
244100798,9.1,,,,,
244100806,4.8,,,,,
244200614,3.3,,,,,
244200622,6.0,,,,,
244200630,7.8,,,,,
244200770,7.9,,,,,
244200820,2.7,,,,,
244200895,6.1,,,,,
244300307,5.6,,,,,
244301016,3.7,,,,,
244301099,5.3,,,,,
244301107,5.5,,,,,
244301123,7.4,,,,,
244301131,4.8,,,,,
244400404,29.8,,,,,
244400438,23.3,,,,,
244400453,29.5,,,,,
244400503,22.9,,,,,
244400537,15.8,,,,,
244400552,17.5,,,,,
244400586,22.4,,,,,
244400610,21.9,,,,,
244400644,19.9,,,,,
244500203,10.2,,,,,
244500211,9.9,,,,,
244500419,8.6,,,,,
244500427,9.1,,,,,
244500468,14.7,,,,,
244500484,10.5,,,,,
244500542,2.3,,,,,
244600433,7.1,,,,,
244600482,6.7,,,,,
244600532,8.3,,,,,
244600573,6.3,,,,,
244700464,6.5,,,,,
244701355,7.2,,,,,
244701405,17.3,,,,,
244800405,6.6,,,,,
244800470,7.7,,,,,
244900015,17.6,,,,,
244900809,11.9,,,,,
244900882,12.4,,,,,
245100615,6.2,,,,,
245100888,7.6,,,,,
245100979,4.1,,,,,
245200597,5.9,,,,,
245300223,9.9,,,,,
245300355,12.8,,,,,
245300389,7.5,,,,,
245300447,10.6,,,,,
245400171,8.1,,,,,
245400189,8.2,,,,,
245400262,11.2,,,,,
245400510,9.7,,,,,
245400601,8.7,,,,,
245400676,11.6,,,,,
245500327,4.7,,,,,
245501176,2.4,,,,,
245501184,6.5,,,,,
245501242,11.2,,,,,
245501259,3.9,,,,,
245600440,14.1,,,,,
245600465,8.0,,,,,
245614383,11.3,,,,,
245614417,13.3,,,,,
245614433,14.5,,,,,
245700133,5.2,,,,,
245700372,5.4,,,,,
245700398,6.7,,,,,
245700695,7.6,,,,,
245700950,2.6,,,,,
245701164,5.9,,,,,
245701206,3.7,,,,,
245701222,13.0,,,,,
245701271,11.1,,,,,
245701354,10.1,,,,,
245701362,11.8,,,,,
245701404,7.4,,,,,
245801063,4.0,,,,,
245804406,6.0,,,,,
245804497,2.8,,,,,
245900428,14.7,,,,,
245900758,14.6,,,,,
245901038,11.2,,,,,
245901152,14.6,,,,,
245901160,14.4,,,,,
246000129,18.5,,,,,
246000376,13.9,,,,,
246000566,9.3,,,,,
246000582,13.9,,,,,
246000707,11.5,,,,,
246000749,8.1,,,,,
246000756,6.7,,,,,
246000764,17.9,,,,,
246000772,7.9,,,,,
246000848,8.3,,,,,
246000855,5.5,,,,,
246000871,12.5,,,,,
246000897,12.0,,,,,
246000913,9.4,,,,,
246000921,14.0,,,,,
246100390,4.5,,,,,
246100663,8.0,,,,,
246200299,15.0,,,,,
246200364,15.1,,,,,
246200380,19.1,,,,,
246200729,12.0,,,,,
246200844,11.1,,,,,
246201016,10.7,,,,,
246300701,10.0,,,,,
246300966,4.1,,,,,
246301097,8.2,,,,,
246400337,8.4,,,,,
246401756,10.8,,,,,
246500482,5.1,,,,,
246500573,5.8,,,,,
246600282,17.0,,,,,
246600373,11.6,,,,,
246600399,8.4,,,,,
246600415,15.2,,,,,
246600423,4.4,,,,,
246600449,14.2,,,,,
246600464,6.3,,,,,
246600548,6.2,,,,,
246700306,9.8,,,,,
246700488,24.4,,,,,
246700744,8.9,,,,,
246700777,6.8,,,,,
246700843,21.0,,,,,
246700926,12.1,,,,,
246700959,14.1,,,,,
246700967,10.5,,,,,
246701064,11.9,,,,,
246701080,13.7,,,,,
246701098,12.0,,,,,
246800205,3.7,,,,,
246800395,6.3,,,,,
246800445,5.9,,,,,
246800494,8.0,,,,,
246800551,6.9,,,,,
246800569,6.6,,,,,
246800577,7.6,,,,,
246800585,8.4,,,,,
246800676,5.8,,,,,
246800726,8.8,,,,,
246900575,23.9,,,,,
246900625,11.2,,,,,
246900724,13.7,,,,,
246900740,18.0,,,,,
246900757,19.1,,,,,
246900765,22.6,,,,,
247000011,9.0,,,,,
247000367,6.1,,,,,
247000623,5.2,,,,,
247000664,7.0,,,,,
247000698,3.0,,,,,
247000706,7.9,,,,,
247000714,3.4,,,,,
247000722,4.7,,,,,
247000755,5.7,,,,,
247000821,4.4,,,,,
247000854,2.7,,,,,
247100290,4.8,,,,,
247100589,6.8,,,,,
247100639,2.2,,,,,
247100647,4.8,,,,,
247103765,5.7,,,,,
247103864,2.2,,,,,
247104094,6.2,,,,,
247200090,11.8,,,,,
247200132,11.6,,,,,
247200348,8.3,,,,,
247200421,9.3,,,,,
247200447,15.6,,,,,
247200629,11.8,,,,,
247200686,10.4,,,,,
247300015,4.9,,,,,
247300254,9.0,,,,,
247300262,9.9,,,,,
247300361,4.1,,,,,
247300452,6.1,,,,,
247300528,8.8,,,,,
247300668,6.7,,,,,
247300676,6.8,,,,,
247300817,7.1,,,,,
247400047,8.3,,,,,
247400112,15.5,,,,,
247400567,15.6,,,,,
247400583,17.1,,,,,
247400617,13.4,,,,,
247400666,13.3,,,,,
247400682,8.3,,,,,
247400690,16.7,,,,,
247400724,18.3,,,,,
247400740,17.8,,,,,
247400773,13.8,,,,,
247600505,11.8,,,,,
247600588,14.2,,,,,
247600604,23.7,,,,,
247600620,11.7,,,,,
247600646,10.0,,,,,
247600729,16.5,,,,,
247600786,13.7,,,,,
247700032,20.1,,,,,
247700057,28.9,,,,,
247700065,27.9,,,,,
247700107,22.0,,,,,
247700339,41.3,,,,,
247700594,38.1,,,,,
247700644,33.3,,,,,
247700701,31.7,,,,,
247800550,26.2,,,,,
247800584,29.4,,,,,
247800618,29.5,,,,,
247900798,12.1,,,,,
248000499,12.0,,,,,
248000531,13.8,,,,,
248000747,11.6,,,,,
248100158,9.2,,,,,
248100430,8.4,,,,,
248100497,17.1,,,,,
248100737,10.7,,,,,
248100745,2.6,,,,,
248200016,6.7,,,,,
248200057,12.3,,,,,
248200065,3.6,,,,,
248200099,13.6,,,,,
248200107,4.3,,,,,
248300394,24.4,,,,,
248300410,30.5,,,,,
248300493,15.3,,,,,
248300543,24.3,,,,,
248300550,19.1,,,,,
248400053,10.7,,,,,
248400160,8.6,,,,,
248400236,9.2,,,,,
248400251,12.7,,,,,
248400285,28.7,,,,,
248400293,14.9,,,,,
248400319,13.4,,,,,
248400335,11.7,,,,,
248500191,21.2,,,,,
248500258,15.7,,,,,
248500340,14.1,,,,,
248500415,9.4,,,,,
248500464,13.9,,,,,
248500530,11.3,,,,,
248500563,18.4,,,,,
248500589,20.0,,,,,
248500621,16.5,,,,,
248500662,11.7,,,,,
248600413,11.3,,,,,
248600447,6.6,,,,,
248700189,4.8,,,,,
248719262,4.0,,,,,
248719288,6.7,,,,,
248719312,9.3,,,,,
248719338,4.4,,,,,
248719353,6.5,,,,,
248719361,3.4,,,,,
248900334,9.7,,,,,
248900383,7.9,,,,,
248900524,12.7,,,,,
248900664,6.1,,,,,
248900748,7.0,,,,,
248900896,7.3,,,,,
248900938,6.2,,,,,
249000241,3.9,,,,,
249100074,26.4,,,,,
249100157,19.1,,,,,
249100546,25.1,,,,,
249100553,35.3,,,,,
249100595,35.0,,,,,
249500109,41.6,,,,,
249500430,32.2,,,,,
249500455,30.8,,,,,
249500489,40.1,,,,,
249500513,22.9,,,,,
249710047,8.9,,,,,
249710062,12.2,,,,,
249710070,9.6,,,,,
249720053,19.6,,,,,
249720061,19.7,,,,,
249730037,21.7,,,,,
249730045,18.9,,,,,
249730052,6.5,,,,,
249740077,20.2,,,,,
249740085,16.1,,,,,
249740093,16.5,,,,,
249740101,23.0,,,,,
249740119,18.0,,,,,